form	count	gloss	dice	example
libações	34	offerings	0.24	1 Crônicas 29:21 — And they sacrificed sacrifices unto the LORD, and offered burnt offerings unto the LORD, on the morrow after that day, even a thousand bullocks, a tho
iníquo	34	wicked	0.11	1 Coríntios 5:13 — But them that are without God judgeth. Therefore put away from among yourselves that wicked person.
libação	31	continual	0.27	2 Reis 16:13 — And he burnt his burnt offering and his meat offering, and poured his drink offering, and sprinkled the blood of his peace offerings, upon the altar.
intermédio	28	ordain	0.08	2 Néfi 2:6 — Wherefore, redemption cometh in and through the Holy Messiah; for he is full of grace and truth.
exceção	24	settled	0.11	1 Reis 15:22 — Then king Asa made a proclamation throughout all Judah; none was exempted: and they took away the stones of Ramah, and the timber thereof, wherewith B
grandiosas	21	reveal	0.12	1 Néfi 15:3 — For he truly spake many great things unto them, which were hard to be understood, save a man should inquire of the Lord; and they being hard in their 
desígnios	20	purposes	0.29	1 Coríntios 4:5 — Therefore judge nothing before the time, until the Lord come, who both will bring to light the hidden things of darkness, and will make manifest the c
iníqua	18	combination	0.15	2 Néfi 10:3 — Wherefore, as I said unto you, it must needs be expedient that Christ—for in the last night the angel spake unto me that this should be his name—shoul
iníquas	13	obstruction	0.14	2 Pedro 2:8 — (For that righteous man dwelling among them, in seeing and hearing, vexed his righteous soul from day to day with their unlawful deeds;)
apoderou	12	astonishing	0.14	1 Samuel 10:10 — And when they came thither to the hill, behold, a company of prophets met him; and the Spirit of God came upon him, and he prophesied among them.
desígnio	12	crowning	0.15	2 Néfi 20:7 — Howbeit he meaneth not so, neither doth his heart think so; but in his heart it is to destroy and cut off nations not a few.
sofrimento	12	bleed	0.15	Alma 14:10 — And when Amulek saw the pains of the women and children who were consuming in the fire, he also was pained; and he said unto Alma: How can we witness 
aquém	11	tatnai	0.29	1 Crônicas 26:30 — And of the Hebronites, Hashabiah and his brethren, men of valour, a thousand and seven hundred, were officers among them of Israel on this side Jordan
veracidade	11	typifying	0.17	2 Néfi 11:4 — Behold, my soul delighteth in proving unto my people the truth  of the coming of Christ; for, for this end hath the law of Moses  been given; and all 
bordadura	11	overlay	0.27	Êxodo 25:11 — And thou shalt overlay it with pure gold, within and without shalt thou overlay it, and shalt make upon it a crown of gold round about.
resplandecente	11	arrayed	0.17	Isaías 18:4 — For so the LORD said unto me, I will take my rest, and I will consider in my dwelling place like a clear heat upon herbs, and like a cloud of dew in t
vigília	10	rowing	0.20	1 Samuel 11:11 — And it was so on the morrow, that Saul put the people in three companies; and they came into the midst of the host in the morning watch, and slew the 
apressuradamente	9	tatnai	0.15	1 Néfi 20:3 — Behold, I have declared the former things from the beginning; and they went forth out of my mouth, and I showed them. I did show them suddenly.
vestuário	9	raiment	0.21	Doutrina e Convênios 24:18 — And thou shalt take no purse nor scrip, neither staves, neither two coats, for the church shall give unto thee in the very hour what thou needest for 
vestidura	9	swaddlingband	0.20	Doutrina e Convênios 133:51 — And I have trampled them in my fury, and I did tread upon them in mine anger, and their blood have I sprinkled upon my garments, and stained all my ra
impuro	8	violated	0.22	1 Néfi 10:21 — Wherefore, if ye have sought to do wickedly in the days of your probation, then ye are found unclean before the judgment– seat of God; and no unclean 
grandioso	8	bleed	0.22	2 Néfi 3:24 — And there shall rise up one mighty among them, who shall do much good, both in word and in deed, being an instrument in the hands of God, with exceedi
serôdia	8	mowings	0.25	Amós 7:1 — Thus hath the Lord GOD shewed unto me; and, behold, he formed grasshoppers in the beginning of the shooting up of the latter growth; and, lo, it was t
luminária	8	lamps	0.21	Êxodo 35:8 — And oil for the light, and spices for anointing oil, and for the sweet incense,
magnificência	7	majesty	0.26	1 Crônicas 29:11 — Thine, O LORD, is the greatness, and the power, and the glory, and the victory, and the majesty: for all that is in the heaven and in the earth is thi
paço	7	arieh	0.25	1 Reis 16:18 — And it came to pass, when Zimri saw that the city was taken, that he went into the palace of the king's house, and burnt the king's house over him wit
impura	7	dregs	0.15	1 Néfi 15:34 — But behold, I say unto you, the kingdom of God is not filthy, and there cannot any unclean thing enter into the kingdom of God; wherefore there must n
irrepreensível	7	blameless	0.25	1 Timóteo 3:2 — A bishop then must be blameless, the husband of one wife, vigilant, sober, of good behaviour, given to hospitality, apt to teach;
descrença	7	treated	0.18	3 Néfi 1:18 — For they knew that the prophets had testified of these things for many years, and that the sign which had been given was already at hand; and they beg
tenebroso	7	controllest	0.25	Alma 26:3 — Behold, I answer for you; for our brethren, the Lamanites, were in darkness, yea, even in the darkest abyss, but behold, how many of them are brought 
tenra	7	blade	0.29	Doutrina e Convênios 86:4 — But behold, in the last days , even now while the Lord is beginning to bring forth the word, and the blade is springing up and is yet tender—
montês	7	deer	0.25	Deuteronômio 14:5 — The hart, and the roebuck, and the fallow deer, and the wild goat, and the pygarg, and the wild ox, and the chamois.
tenros	7	overdrive	0.29	Gênesis 29:17 — Leah was tender eyed; but Rachel was beautiful and well favoured.
tenro	6	magnifical	0.29	1 Crônicas 22:5 — And David said, Solomon my son is young and tender, and the house that is to be builded for the LORD must be exceeding magnifical, of fame and of glor
crente	6	believer	0.29	1 Coríntios 9:5 — Have we not power to lead about a sister, a wife, as well as other apostles, and as the brethren of the Lord, and Cephas?
mortandade	6	infest	0.25	3 Néfi 1:27 — And it came to pass that the ninety and third year did also pass away in peace, save it were for the Gadianton robbers, who dwelt upon the mountains, 
narração	6	prejudice	0.29	3 Néfi 5:9 — But behold there are records which do contain all the proceedings of this people; and a shorter but true account was given by Nephi.
rebeldia	6	consisted	0.22	Alma 3:6 — And the skins of the Lamanites were dark, according to the mark which was set upon their fathers, which was a curse upon them because of their transgr
sangrenta	6	agosh	0.25	Éter 13:27 — And it came to pass that Coriantumr was exceedingly angry with Shared, and he went against him with his armies to battle; and they did meet in great a
endemoniado	6	legion	0.22	João 10:21 — Others said, These are not the words of him that hath a devil. Can a devil open the eyes of the blind?
especiaria	5	dropping	0.25	1 Reis 10:10 — And she gave the king an hundred and twenty talents of gold, and of spices very great store, and precious stones: there came no more such abundance of
sempiterno	5	gulf	0.17	1 Timóteo 6:16 — Who only hath immortality, dwelling in the light which no man can approach unto; whom no man hath seen, nor can see: to whom be honour and power everl
néscio	5	glorying	0.22	2 Coríntios 12:6 — For though I would desire to glory, I shall not be a fool; for I will say the truth: but now I forbear, lest any man should think of me above that whi
ajuntamento	5	pavilions	0.25	2 Samuel 22:12 — And he made darkness pavilions round about him, dark waters, and thick clouds of the skies.
apoderaram	5	intrigue	0.29	Alma 53:8 — And now it came to pass that the armies of the Lamanites, on the west sea, south, while in the absence of Moroni on account of some intrigue amongst t
sitim	5	harlot's	0.29	Joel 3:18 — And it shall come to pass in that day, that the mountains shall drop down new wine, and the hills shall flow with milk, and all the rivers of Judah sh
varapaus	5	staves	0.20	Lucas 22:52 — Then Jesus said unto the chief priests, and captains of the temple, and the elders, which were come to him, Be ye come out, as against a thief, with s
indecente	4	shorn	0.20	1 Coríntios 11:6 — For if the woman be not covered, let her also be shorn: but if it be a shame for a woman to be shorn or shaven, let her be covered.
devassidão	4	refined	0.17	Alma 30:18 — And thus he did preach unto them, leading away the hearts of many, causing them to lift up their heads in their wickedness, yea, leading away many wom
tírios	3	ware	0.22	1 Crônicas 22:4 — Also cedar trees in abundance: for the Zidonians and they of Tyre brought much cedar wood to David.
traze-mo	3	savoury	0.22	1 Reis 17:13 — And Elijah said unto her, Fear not; go and do as thou hast said: but make me thereof a little cake first, and bring it unto me, and after make for the
frondosas	3	willows	0.25	2 Reis 17:10 — And they set them up images and groves in every high hill, and under every green tree:
excelso	3	lowly	0.13	2 Néfi 22:4 — And in that day shall ye say: Praise the Lord, call upon his name, declare his doings among the people, make mention that his name is exalted.
iniquamente	3	retaining	0.29	2 Samuel 24:17 — And David spake unto the LORD when he saw the angel that smote the people, and said, Lo, I have sinned, and I have done wickedly: but these sheep, wha
uníssono	3	preserving	0.17	3 Néfi 4:31 — And it came to pass that they did break forth, all as one, in singing, and praising their God for the great thing which he had done for them, in prese
intrepidamente	3	boldly	0.22	3 Néfi 6:20 — And there began to be men inspired from heaven and sent forth, standing among the people in all the land, preaching and testifying boldly of the sins 
faze-mo	3	struck	0.09	Alma 22:18 — O God, Aaron hath told me that there is a God; and if there is a God, and if thou art God, wilt thou make thyself known unto me, and I will give away 
inúmeros	3	merits	0.22	Alma 24:10 — And I also thank my God, yea, my great God, that he hath granted unto us that we might repent of these things, and also that he hath forgiven us of th
tão-somente	3	abinadi	0.06	Alma 54:13 — Behold, I am in my anger, and also my people; ye have sought to murder us, and we have only sought to defend ourselves. But behold, if ye seek to dest
desatada	3	convincing	0.14	Doutrina e Convênios 11:21 — Seek not to declare my word, but first seek to obtain my word , and then shall your tongue be loosed; then, if you desire, you shall have my Spirit an
onipotência	3	smallest	0.29	Doutrina e Convênios 19:14 — And it is by my almighty power that you have received them;
lava-pés	3	washing	0.27	Doutrina e Convênios 88:139 — And he shall be received by the ordinance of the washing of feet, for unto this end was the ordinance of the washing of feet instituted.
reluzente	3	whet	0.29	Deuteronômio 32:41 — If I whet my glittering sword, and mine hand take hold on judgment; I will render vengeance to mine enemies, and will reward them that hate me.
reedificada	3	hananeel	0.29	Éter 13:5 — And he spake also concerning the house of Israel, and the Jerusalem from whence Lehi should come—after it should be destroyed it should be built up ag
batentes	3	apiece	0.22	Ezequiel 41:24 — And the doors had two leaves apiece, two turning leaves; two leaves for the one door, and two leaves for the other door.
carcereiro-mor	3	keeper	0.22	Gênesis 39:21 — But the LORD was with Joseph, and shewed him mercy, and gave him favour in the sight of the keeper of the prison.
expectação	3	expectation	0.22	Hebreus 10:27 — But a certain fearful looking for of judgment and fiery indignation, which shall devour the adversaries.
quebradura	3	healeth	0.29	Isaías 30:26 — Moreover the light of the moon shall be as the light of the sun, and the light of the sun shall be sevenfold, as the light of seven days, in the day t
apoderam	3	stealeth	0.29	Jó 27:20 — Terrors take hold on him as waters, a tempest stealeth him away in the night.
possantemente	3	ashkelon	0.18	Juízes 14:6 — And the Spirit of the LORD came mightily upon him, and he rent him as he would have rent a kid, and he had nothing in his hand: but he told not his fa
infortúnios	3	prophesieth	0.15	Mosias 12:9 — And it came to pass that they were angry with him; and they took him and carried him bound before the king, and said unto the king: Behold, we have br
memorativa	3	woman's	0.20	Números 5:15 — Then shall the man bring his wife unto the priest, and he shall bring her offering for her, the tenth part of an ephah of barley meal; he shall pour n
ocaso	3	seasons	0.08	Salmos 50:1 — The mighty God, even the LORD, hath spoken, and called the earth from the rising of the sun unto the going down thereof.
gratuito	3	abounded	0.25	Romanos 5:15 — But not as the offence, so also is the free gift. For if through the offence of one many be dead, much more the grace of God, and the gift by grace, w
dá-mo	2	ornan	0.17	1 Crônicas 21:22 — Then David said to Ornan, Grant me the place of this threshingfloor, that I may build an altar therein unto the LORD: thou shalt grant it me for the f
oferecimento	2	moons	0.14	1 Crônicas 23:31 — And to offer all burnt sacrifices unto the LORD in the sabbaths, in the new moons, and on the set feasts, by number, according to the order commanded 
atrevo	2	durst	0.09	1 Néfi 22:29 — And now I, Nephi, make an end; for I durst not speak further as yet concerning these things.
atribulada	2	harrowed	0.29	1 Samuel 1:15 — And Hannah answered and said, No, my lord, I am a woman of a sorrowful spirit: I have drunk neither wine nor strong drink, but have poured out my soul
eirado	2	communed	0.10	1 Samuel 9:25 — And when they were come down from the high place into the city, Samuel communed with Saul upon the top of the house.
despojemo-los	2	synagogues	0.04	1 Samuel 14:36 — And Saul said, Let us go down after the Philistines by night, and spoil them until the morning light, and let us not leave a man of them. And they sai
encarecidamente	2	earnestly	0.07	1 Samuel 20:28 — And Jonathan answered Saul, David earnestly asked leave of me to go to Beth-lehem:
penhasco	2	captive	0.02	2 Crônicas 25:12 — And other ten thousand left alive did the children of Judah carry away captive, and brought them unto the top of the rock, and cast them down from the
frondosa	2	sacrificed	0.11	2 Crônicas 28:4 — He sacrificed also and burnt incense in the high places, and on the hills, and under every green tree.
poderio	2	leopard	0.20	2 Crônicas 32:9 — After this did Sennacherib king of Assyria send his servants to Jerusalem, (but he himself laid siege against Lachish, and all his power with him,) un
idôneo	2	purge	0.10	2 Coríntios 2:16 — To the one we are the savour of death unto death; and to the other the savour of life unto life. And who is sufficient for these things?
temporais	2	debtors	0.25	2 Coríntios 4:18 — While we look not at the things which are seen, but at the things which are not seen: for the things which are seen are temporal; but the things which
entranhável	2	affection	0.22	2 Coríntios 7:15 — And his inward affection is more abundant toward you, whilst he remembereth the obedience of you all, how with fear and trembling ye received him.
gratuita	2	preserving	0.18	2 Néfi 2:4 — And thou hast beheld in thy youth his glory; wherefore, thou art blessed even as they unto whom he shall minister in the flesh; for the Spirit is the 
idôneos	2	partakers	0.05	2 Timóteo 2:2 — And the things that thou hast heard of me among many witnesses, the same commit thou to faithful men, who shall be able to teach others also.
pormenor	2	himni	0.25	3 Néfi 1:20 — And it had come to pass, yea, all things, every whit, according to the words of the prophets.
pertencente	2	amlici	0.13	Alma 2:1 — And it came to pass in the commencement of the fifth year of their reign there began to be a contention among the people; for a certain man, being cal
afastamento	2	bountifully	0.25	Alma 34:2 — My brethren, I think that it is impossible that ye should be ignorant of the things which have been spoken concerning the coming of Christ, who is tau
aparecimento	2	appearing	0.17	Alma 45:10 — And these are the words: Behold, I perceive that this very people, the Nephites, according to the spirit of revelation which is in me, in four hundred
receosos	2	displease	0.25	Alma 47:2 — And it came to pass that when the proclamation had gone forth among them they were exceedingly afraid; yea, they feared to displease the king, and the
formidável	2	wonderfully	0.29	Alma 51:11 — Now his armies were not so great as they had hitherto been, because of the many thousands who had been slain by the hand of the Nephites; but notwiths
doutos	2	realm	0.22	Daniel 1:20 — And in all matters of wisdom and understanding, that the king enquired of them, he found them ten times better than all the magicians and astrologers 
amarraduras	2	bundles	0.29	Doutrina e Convênios 101:66 — While the tares shall be bound in bundles, and their bands made strong, that they may be burned with unquenchable fire.
destruí-las-ás	2	bulwarks	0.29	Deuteronômio 20:17 — But thou shalt utterly destroy them; namely, the Hittites, and the Amorites, the Canaanites, and the Perizzites, the Hivites, and the Jebusites; as th
amassadeira	2	basket	0.17	Deuteronômio 28:5 — Blessed shall be thy basket and thy store.
infrutíferas	2	spots	0.29	Efésios 5:11 — And have no fellowship with the unfruitful works of darkness, but rather reprove them.
lisonjeira	2	flattering	0.21	Ezequiel 12:24 — For there shall be no more any vain vision nor flattering divination within the house of Israel.
luminar	2	lights	0.10	Gênesis 1:16 — And God made two great lights; the greater light to rule the day, and the lesser light to rule the night: he made the stars also.
levedura	2	bake	0.20	Gênesis 19:3 — And he pressed upon them greatly; and they turned in unto him, and entered into his house; and he made them a feast, and did bake unleavened bread, an
oxalá	2	grieve	0.25	Helamã 13:39 — O ye people of the land, that ye would hear my words! And I pray that the anger of the Lord be turned away from you, and that ye would repent and be s
abrasadas	2	folk	0.29	Isaías 1:7 — Your country is desolate, your cities are burned with fire: your land, strangers devour it in your presence, and it is desolate, as overthrown by stra
áspero	2	rough	0.15	Isaías 40:4 — Every valley shall be exalted, and every mountain and hill shall be made low: and the crooked shall be made straight, and the rough places plain:
excelsas	2	folk	0.29	Jeremias 51:58 — Thus saith the LORD of hosts; The broad walls of Babylon shall be utterly broken, and her high gates shall be burned with fire; and the people shall l
domésticos	2	alien	0.29	Jó 19:15 — They that dwell in mine house, and my maids, count me for a stranger: I am an alien in their sight.
esmaecida	2	lower	0.15	Levítico 13:21 — But if the priest look on it, and, behold, there be no white hairs therein, and if it be not lower than the skin, but be somewhat dark; then the pries
abrir-se-vos-á	2	knock	0.22	Lucas 11:9 — And I say unto you, Ask, and it shall be given you; seek, and ye shall find; knock, and it shall be opened unto you.
dracma	2	sweep	0.25	Lucas 15:8 — Either what woman having ten pieces of silver, if she lose one piece, doth not light a candle, and sweep the house, and seek diligently till she find 
terminantemente	2	commander	0.25	Mórmon 3:11 — And it came to pass that I, Mormon, did utterly refuse from this time forth to be a commander and a leader of this people, because of their wickedness
pecaminoso	2	sinful	0.29	Mosias 26:4 — And they would not be baptized; neither would they join the church. And they were a separate people as to their faith, and remained so ever after, eve
nô-lo	2	nought	0.05	Neemias 4:12 — And it came to pass, that when the Jews which dwelt by them came, they said unto us ten times, From all places whence ye shall return unto us they wil
cusita	2	ethiopian	0.25	Números 12:1 — And Miriam and Aaron spake against Moses because of the Ethiopian woman whom he had married: for he had married an Ethiopian woman.
porvir	2	principalities	0.15	Provérbios 23:18 — For surely there is an end; and thine expectation shall not be cut off.
lisonjeiros	2	flattering	0.21	Salmos 12:2 — They speak vanity every one with his neighbour: with flattering lips and with a double heart do they speak.
abrasador	2	flaming	0.21	Salmos 104:4 — Who maketh his angels spirits; his ministers a flaming fire:
liteira	2	solomon's	0.07	Cantares de Salomão 3:7 — Behold his bed, which is Solomon's; threescore valiant men are about it, of the valiant of Israel.
prostituiram-se	1	whoring	0.11	1 Crônicas 5:25 — And they transgressed against the God of their fathers, and went a whoring after the gods of the people of the land, whom God destroyed before them.
porteiros-mores	1	treasuries	0.20	1 Crônicas 9:26 — For these Levites, the four chief porters, were in their set office, and were over the chambers and treasuries of the house of God.
detrimento	1	loss	0.05	1 Coríntios 3:15 — If any man's work shall be burned, he shall suffer loss: but he himself shall be saved; yet so as by fire.
incircuncidado	1	uncircumcision	0.13	1 Coríntios 7:18 — Is any man called being circumcised? let him not become uncircumcised. Is any called in uncircumcision? let him not be circumcised.
abortivo	1	due	0.03	1 Coríntios 15:8 — And last of all he was seen of me also, as of one born out of due time.
enganamo-nos	1	deceive	0.04	1 João 1:8 — If we say that we have no sin, we deceive ourselves, and the truth is not in us.
crêdes	1	eternal	0.01	1 João 5:13 — These things have I written unto you that believe on the name of the Son of God; that ye may know that ye have eternal life, and that ye may believe o
arremteu	1	benaiah	0.05	1 Reis 2:34 — So Benaiah the son of Jehoiada went up, and fell upon him, and slew him: and he was buried in his own house in the wilderness.
ben-hur	1	hur	0.12	1 Reis 4:8 — And these are their names: The son of Hur, in mount Ephraim:
pranchões	1	beams	0.15	1 Reis 6:9 — So he built the house, and finished it; and covered the house with beams and boards of cedar.
tabuados	1	beams	0.15	1 Reis 6:9 — So he built the house, and finished it; and covered the house with beams and boards of cedar.
sidônias	1	zidonians	0.20	1 Reis 11:1 — But king Solomon loved many strange women, together with the daughter of Pharaoh, women of the Moabites, Ammonites, Edomites, Zidonians, and Hittites;
heteias	1	zidonians	0.20	1 Reis 11:1 — But king Solomon loved many strange women, together with the daughter of Pharaoh, women of the Moabites, Ammonites, Edomites, Zidonians, and Hittites;
extinguí-la	1	jeroboam	0.02	1 Reis 13:34 — And this thing became sin unto the house of Jeroboam, even to cut it off, and to destroy it from off the face of the earth.
setima	1	ariseth	0.14	1 Reis 18:44 — And it came to pass at the seventh time, that he said, Behold, there ariseth a little cloud out of the sea, like a man's hand. And he said, Go up, say
desembocadura	1	emptied	0.18	1 Néfi 2:8 — And it came to pass that he called the name of the river, Laman, and it emptied into the Red  Sea; and the valley was in the borders near the mouth th
permanência	1	dreamed	0.10	1 Néfi 8:2 — And it came to pass that while my father tarried in the wilderness he spake unto us, saying: Behold, I have dreamed a dream; or, in other words, I hav
barranca	1	extended	0.13	1 Néfi 8:19 — And I beheld a rod of iron, and it extended along the bank of the river, and led to the tree by which I stood.
repulsivo	1	loathsome	0.25	1 Néfi 12:23 — And it came to pass that I beheld, after they had dwindled in unbelief they became a dark, and loathsome, and a filthy people, full of idleness and al
pátrias-mães	1	beheld	0.01	1 Néfi 13:17 — And I beheld that their mother Gentiles were gathered together upon the waters, and upon the land also, to battle against them.
queixavam	1	complain	0.22	1 Néfi 17:18 — And thus my brethren did complain against me, and were desirous that they might not labor, for they did not believe that I could build a ship; neither
longínquos	1	pastors	0.18	1 Néfi 21:1 — And again: Hearken, O ye house of Israel, all ye that are broken off and are driven out because of the wickedness of the pastors of my people; yea, al
incontaminável	1	incorruptible	0.29	1 Pedro 1:4 — To an inheritance incorruptible, and undefiled, and that fadeth not away, reserved in heaven for you,
incontaminado	1	spot	0.05	1 Pedro 1:19 — But with the precious blood of Christ, as of a lamb without blemish and without spot:
grandiosos	1	plagues	0.08	1 Samuel 4:8 — Woe unto us! who shall deliver us out of the hand of these mighty Gods? these are the Gods that smote the Egyptians with all the plagues in the wilder
vexame	1	emerods	0.22	1 Samuel 5:9 — And it was so, that, after they had carried it about, the hand of the LORD was against the city with a very great destruction: and he smote the men of
petrechos	1	fifties	0.17	1 Samuel 8:12 — And he will appoint him captains over thousands, and captains over fifties; and will set them to ear his ground, and to reap his harvest, and to make 
apoderará	1	prophesy	0.02	1 Samuel 10:6 — And the Spirit of the LORD will come upon thee, and thou shalt prophesy with them, and shalt be turned into another man.
nesciamente	1	foolishly	0.15	1 Samuel 13:13 — And Samuel said to Saul, Thou hast done foolishly: thou hast not kept the commandment of the LORD thy God, which he commanded thee: for now would the 
trazer-mo	1	fetch	0.06	1 Samuel 20:31 — For as long as the son of Jesse liveth upon the ground, thou shalt not be established, nor thy kingdom. Wherefore now send and fetch him unto me, for 
premente	1	ahimelech	0.13	1 Samuel 21:8 — And David said unto Ahimelech, And is there not here under thine hand spear or sword? for I have neither brought my sword nor my weapons with me, beca
saira	1	ziph	0.20	1 Samuel 23:15 — And David saw that Saul was come out to seek his life: and David was in the wilderness of Ziph in a wood.
fraudulência	1	guile	0.12	1 Tessalonicenses 2:3 — For our exhortation was not of deceit, nor of uncleanness, nor in guile:
episcopado	1	desireth	0.06	1 Timóteo 3:1 — This is a true saying, If a man desire the office of a bishop, he desireth a good work.
soberania	1	salt	0.05	2 Crônicas 13:5 — Ought ye not to know that the LORD God of Israel gave the kingdom over Israel to David for ever, even to him and to his sons by a covenant of salt?
joate	1	overseers	0.29	2 Crônicas 34:12 — And the men did the work faithfully: and the overseers of them were Jahath and Obadiah, the Levites, of the sons of Merari; and Zechariah and Meshulla
enviando-lhos	1	betimes	0.29	2 Crônicas 36:15 — And the LORD God of their fathers sent to them by his messengers, rising up betimes, and sending; because he had compassion on his people, and on his 
iluminação	1	shined	0.18	2 Coríntios 4:6 — For God, who commanded the light to shine out of darkness, hath shined in our hearts, to give the light of the knowledge of the glory of God in the fa
mortificação	1	dying	0.25	2 Coríntios 4:10 — Always bearing about in the body the dying of the Lord Jesus, that the life also of Jesus might be made manifest in our body.
solicitude	1	earnest	0.20	2 Coríntios 8:16 — But thanks be to God, which put the same earnest care into the heart of Titus for you.
inefáveis	1	unspeakable	0.29	2 Coríntios 12:4 — How that he was caught up into paradise, and heard unspeakable words, which it is not lawful for a man to utter.
alí	1	syrians	0.04	2 Reis 7:4 — If we say, We will enter into the city, then the famine is in the city, and we shall die there: and if we sit still here, we die also. Now therefore c
eletomou	1	hundreds	0.06	2 Reis 11:19 — And he took the rulers over hundreds, and the captains, and the guard, and all the people of the land; and they brought down the king from the house o
arrolamento	1	jehoash	0.12	2 Reis 12:4 — And Jehoash said to the priests, All the money of the dedicated things that is brought into the house of the LORD, even the money of every one that pa
moribundo	1	dying	0.25	2 Néfi 3:25 — And now, blessed art thou, Joseph. Behold, thou art little; wherefore hearken unto the words of thy brother, Nephi, and it shall be done unto thee eve
impropriamente	1	amiss	0.29	2 Néfi 4:35 — Yea, I know that God will give liberally to him that asketh. Yea, my God will give me, if I ask not amiss; therefore I will lift up my voice unto thee
embebedados	1	oppress	0.07	2 Néfi 6:18 — And I will feed them that oppress thee, with their own flesh; and they shall be drunken with their own blood as with sweet wine; and all flesh shall k
chamejante	1	create	0.20	2 Néfi 14:5 — And the Lord will create upon every dwelling–place of mount Zion, and upon her assemblies, a cloud and smoke by day and the shining of a flaming fire 
claudicantes	1	swiftly	0.29	2 Néfi 15:26 — And he will lift up an ensign to the nations from far, and will hiss unto them from the end of the earth; and behold, they shall come with speed swift
escancarada	1	syrians	0.04	2 Néfi 19:12 — The Syrians before and the Philistines behind; and they shall devour Israel with open mouth. For all this his anger is not turned away, but his hand i
cuse	1	pathros	0.29	2 Néfi 21:11 — And it shall come to pass in that day that the Lord shall set his hand again the second time to recover the remnant of his people which shall be left,
sinar	1	pathros	0.29	2 Néfi 21:11 — And it shall come to pass in that day that the Lord shall set his hand again the second time to recover the remnant of his people which shall be left,
feri-lo-á	1	shod	0.25	2 Néfi 21:15 — And the Lord shall utterly destroy the tongue of the Egyptian sea; and with his mighty wind he shall shake his hand over the river, and shall smite it
pô-los-á	1	cleave	0.04	2 Néfi 24:1 — For the Lord will have mercy on Jacob, and will yet choose Israel, and set them in their own land; and the strangers shall be joined with them, and th
possuí-las-á	1	handmaids	0.22	2 Néfi 24:2 — And the people shall take them and bring them to their place; yea, from far unto the ends of the earth; and they shall return to their lands of promis
malevolência	1	envyings	0.17	2 Néfi 26:21 — And there are many churches built up which cause envyings, and strifes, and malice.
borrascas	1	devouring	0.20	2 Néfi 27:2 — And when that day shall come they shall be visited of the Lord of Hosts, with thunder and with earthquake, and with a great noise, and with storm, and
procedentes	1	especially	0.10	2 Néfi 28:2 — And the things which shall be written out of the book shall be of great worth unto the children of men, and especially unto our seed, which is a remna
dissoluta	1	vexed	0.09	2 Pedro 2:7 — And delivered just Lot, vexed with the filthy conversation of the wicked:
incursão	1	pursuing	0.14	2 Samuel 3:22 — And, behold, the servants of David and Joab came from pursuing a troop, and brought in a great spoil with them: but Abner was not with David in Hebron
vilão	1	lamented	0.15	2 Samuel 3:33 — And the king lamented over Abner, and said, Died Abner as a fool dieth?
entregar-mos-ás	1	doubtless	0.22	2 Samuel 5:19 — And David enquired of the LORD, saying, Shall I go up to the Philistines? wilt thou deliver them into mine hand? And the LORD said unto David, Go up: 
mandou-lha	1	uriah	0.08	2 Samuel 11:14 — And it came to pass in the morning, that David wrote a letter to Joab, and sent it by the hand of Uriah.
amiur	1	talmai	0.29	2 Samuel 13:37 — But Absalom fled, and went to Talmai, the son of Ammihud, king of Geshur. And David mourned for his son every day.
aimás	1	ahimaaz	0.13	2 Samuel 15:27 — The king said also unto Zadok the priest, Art not thou a seer? return into the city in peace, and your two sons with you, Ahimaaz thy son, and Jonatha
aduladoras	1	lyings	0.20	3 Néfi 1:29 — And there was also a cause of much sorrow among the Lamanites; for behold, they had many children who did grow up and began to wax strong in years, th
fa-reis	1	shed	0.02	3 Néfi 18:11 — And this shall ye always do to those who repent and are baptized in my name; and ye shall do it in remembrance of my blood, which I have shed for you,
dizimados	1	adversaries	0.05	3 Néfi 20:17 — Thy hand shall be lifted up upon thine adversaries, and all thine enemies shall be cut off.
convincente	1	convincing	0.17	3 Néfi 28:29 — And it shall come to pass, when the Lord seeth fit in his wisdom that they shall minister unto all the scattered tribes of Israel, and unto all nation
submersas	1	renewed	0.20	4 Néfi 1:9 — But there were many cities which had been sunk, and waters came up in the stead thereof; therefore these cities could not be renewed.
ducentésimo	1	division	0.15	4 Néfi 1:35 — And now it came to pass in this year, yea, in the two hundred and thirty and first year, there was a great division among the people.
ausentassem	1	assembled	0.03	Atos 1:4 — And, being assembled together with them, commanded them that they should not depart from Jerusalem, but wait for the promise of the Father, which, sai
iletrados	1	unlearned	0.25	Atos 4:13 — Now when they saw the boldness of Peter and John, and perceived that they were unlearned and ignorant men, they marvelled; and they took knowledge of 
apresentou-lha	1	presented	0.08	Atos 9:41 — And he gave her his hand, and lifted her up, and when he had called the saints and widows, presented her alive.
alvorada	1	talked	0.04	Atos 20:11 — When he therefore was come up again, and had broken bread, and eaten, and talked a long while, even till break of day, so he departed.
acuradamente	1	perfectly	0.17	Atos 23:20 — And he said, The Jews have agreed to desire thee that thou wouldest bring down Paul to morrow into the council, as though they would enquire somewhat 
venturoso	1	agrippa	0.14	Atos 26:2 — I think myself happy, king Agrippa, because I shall answer for myself this day before thee touching all the things whereof I am accused of the Jews:
capitães-mores	1	amlicites	0.09	Alma 2:13 — And thus they were prepared to meet the Amlicites at the time of their coming. And there were appointed captains, and higher captains, and chief capta
desatadas	1	loosing	0.29	Alma 11:41 — Therefore the wicked remain as though there had been no redemption made, except it be the loosing of the bands of death; for behold, the day cometh th
infelicidade	1	middoni	0.13	Alma 20:30 — And, as it happened, it was their lot to have fallen into the hands of a more hardened and a more stiffnecked people; therefore they would not hearken
condoídos	1	swollen	0.25	Alma 24:24 — Now when the Lamanites saw this they did forbear from slaying them; and there were many whose hearts had swollen in them for those of their brethren w
mosaica	1	type	0.25	Alma 25:15 — Yea, and they did keep the law of Moses; for it was expedient that they should keep the law of Moses as yet, for it was not all fulfilled. But notwith
circunspecção	1	soberness	0.20	Alma 42:31 — And now, O my son, ye are called of God to preach the word unto this people. And now, my son, go thy way, declare the word with truth and soberness, t
apoderasse	1	leaving	0.13	Alma 43:25 — Now Moroni, leaving a part of his army in the land of Jershon, lest by any means a part of the Lamanites should come into that land and take possessio
teimosia	1	stubbornness	0.29	Alma 44:17 — And now Moroni was angry, because of the stubbornness of the Lamanites; therefore he commanded his people that they should fall upon them and slay the
infatigavelmente	1	swell	0.22	Alma 48:12 — Yea, a man whose heart did swell with thanksgiving to his God, for the many privileges and blessings which he bestowed upon his people; a man who did 
apetrechos	1	morianton	0.10	Alma 50:33 — Therefore Moroni sent an army, with their camp, to head the people of Morianton, to stop their flight into the land northward.
apoderar-nos	1	defend	0.05	Alma 54:13 — Behold, I am in my anger, and also my people; ye have sought to murder us, and we have only sought to defend ourselves. But behold, if ye seek to dest
atrevemos	1	attack	0.14	Alma 58:2 — And they were so much more numerous than was our army that we durst not go forth and attack them in their strongholds.
recriminação	1	cimeters	0.22	Alma 60:2 — For behold, I have somewhat to say unto them by the way of condemnation; for behold, ye yourselves know that ye have been appointed to gather together
queixaríamos	1	complain	0.22	Alma 60:4 — But behold, were this all we had suffered we would not murmur nor complain.
marchásses	1	except	0.01	Alma 61:20 — But ye have said, except they repent the Lord hath commanded you that ye should go against them.
banqueteadores	1	banquet	0.13	Amós 6:7 — Therefore now shall they go captive with the first that go captive, and the banquet of them that stretched themselves shall be removed.
quebraduras	1	clefts	0.29	Amós 6:11 — For, behold, the LORD commandeth, and he will smite the great house with breaches, and the little house with clefts.
maledicência	1	communication	0.20	Colossenses 3:8 — But now ye also put off all these; anger, wrath, malice, blasphemy, filthy communication out of your mouth.
fulgor	1	firmament	0.07	Daniel 12:3 — And they that be wise shall shine as the brightness of the firmament; and they that turn many to righteousness as the stars for ever and ever.
enfurecê-las	1	publish	0.08	Doutrina e Convênios 10:32 — And, behold, they will publish this, and Satan will harden the hearts of the people to stir them up to anger against you, that they will not believe m
prostar-vos-eis	1	worship	0.01	Doutrina e Convênios 18:40 — And you shall fall down and worship the Father in my name .
invalidados	1	covenants	0.03	Doutrina e Convênios 22:1 — Behold, I say unto you that all old covenants have I caused to be done away in this thing; and this is a new and an everlasting covenant , even that w
vocalmente	1	vocally	0.29	Doutrina e Convênios 23:6 — Behold, I manifest unto you, Joseph Knight, by these words, that you must take up your cross , in the which you must pray vocally before the world as 
escrevente	1	cowdery	0.05	Doutrina e Convênios 25:6 — And thou shalt go with him at the time of his going, and be unto him for a scribe, while there is no one to be a scribe for him, that I may send my se
indoutos	1	thresh	0.29	Doutrina e Convênios 35:13 — Wherefore, I call upon the weak things of the world, those who are unlearned and despised, to thresh the nations by the power of my Spirit ;
tenras	1	leaves	0.11	Doutrina e Convênios 45:37 — Ye look and behold the fig trees , and ye see them with your eyes, and ye say when they begin to shoot forth, and their leaves are yet tender, that su
plebeus	1	low	0.03	Doutrina e Convênios 58:47 — Let them preach by the way, and bear testimony of the truth in all places, and call upon the rich, the high and the low, and the poor to repent.
segui-los-ão	1	mansions	0.14	Doutrina e Convênios 59:2 — For those that live shall inherit the earth, and those that die shall rest from all their labors, and their works shall follow them; and they shall re
servi-lo-ás	1	mind	0.01	Doutrina e Convênios 59:5 — Wherefore, I give unto them a commandment, saying thus: Thou shalt love the Lord thy God with all thy heart , with all thy might, mind, and strength; 
flagelados	1	scourged	0.20	Doutrina e Convênios 63:31 — And if by blood , as you are forbidden to shed blood, lo, your enemies are upon you, and ye shall be scourged from city to city, and from synagogue to
pôr-se-ão	1	liars	0.15	Doutrina e Convênios 64:39 — And liars and hypocrites shall be proved by them, and they who are not apostles and prophets shall be known .
profusamente	1	manifestations	0.25	Doutrina e Convênios 70:13 — Yea, even more abundantly, which abundance is multiplied unto them through the manifestations of the Spirit.
emer	1	emer	0.25	Doutrina e Convênios 75:30 — Wherefore, let my servant Simeon Carter and my servant Emer Harris be united in the ministry;
patridge	1	phelps	0.29	Doutrina e Convênios 82:11 — Therefore, verily I say unto you, that it is expedient for my servants Edward Partridge and Newel K. Whitney, A. Sidney Gilbert and Sidney Rigdon, and
flagelá-las	1	scourge	0.07	Doutrina e Convênios 84:96 — For I, the Almighty , have laid my hands upon the nations, to scourge them for their wickedness .
inamovível	1	immovable	0.29	Doutrina e Convênios 88:133 — Art thou a brother or brethren? I salute you in the name of the Lord Jesus Christ, in token or remembrance of the everlasting covenant, in which coven
radicada	1	kirtland	0.12	Doutrina e Convênios 104:21 — And let all things be done according to the counsel of the order, and united consent or voice of the order, which dwell in the land of Kirtland.
amistosas	1	friendly	0.20	Doutrina e Convênios 121:9 — Thy friends do stand by thee, and they shall hail thee again with warm hearts and friendly hands.
indescritível	1	unspeakable	0.29	Doutrina e Convênios 121:26 — God shall give unto you knowledge by his Holy Spirit , yea, by the unspeakable gift of the Holy Ghost, that has not been revealed since the world was 
penúria	1	poverty	0.08	Doutrina e Convênios 124:30 — For this ordinance belongeth to my house, and cannot be acceptable to me, only in the days of your poverty, wherein ye are not able to build a house u
ásperas	1	speeches	0.20	Doutrina e Convênios 124:116 — And let him repent of all his folly , and clothe himself with charity ; and cease to do evil, and lay aside all his hard speeches ;
cumpri-la-á	1	instituted	0.14	Doutrina e Convênios 132:6 — And as pertaining to the new and everlasting covenant , it was instituted for the fulness of my glory ; and he that receiveth a fulness thereof must a
seixal	1	flint	0.22	Deuteronômio 8:15 — Who led thee through that great and terrible wilderness, wherein were fiery serpents, and scorpions, and drought, where there was no water; who brough
muradas	1	mightier	0.11	Deuteronômio 9:1 — Hear, O Israel: Thou art to pass over Jordan this day, to go in to possess nations greater and mightier than thyself, cities great and fenced up to he
restituí-los-ás	1	astray	0.07	Deuteronômio 22:1 — Thou shalt not see thy brother's ox or his sheep go astray, and hide thyself from them: thou shalt in any case bring them again unto thy brother.
extermínio	1	treasuries	0.20	Ester 4:7 — And Mordecai told him of all that had happened unto him, and of the sum of the money that Haman had promised to pay to the king's treasuries for the J
cutiladas	1	stroke	0.15	Ester 9:5 — Thus the Jews smote all their enemies with the stroke of the sword, and slaughter, and destruction, and did what they would unto those that hated them
dar-se-te-á	1	petition	0.11	Ester 9:12 — And the king said unto Esther the queen, The Jews have slain and destroyed five hundred men in Shushan the palace, and the ten sons of Haman; what hav
dai-ma	1	danced	0.25	Éter 8:11 — And now Omer was a friend to Akish; wherefore, when Jared had sent for Akish, the daughter of Jared danced before him that she pleased him, insomuch t
circunvizinhos	1	revive	0.22	Éter 9:35 — And it came to pass that when they had humbled themselves sufficiently before the Lord he did send rain upon the face of the earth; and the people beg
quebrar-lhe-hás	1	firstling	0.20	Êxodo 13:13 — And every firstling of an ass thou shalt redeem with a lamb; and if thou wilt not redeem it, then thou shalt break his neck: and all the firstborn of 
premeditadamente	1	presumptuously	0.29	Êxodo 21:14 — But if a man come presumptuously upon his neighbour, to slay him with guile; thou shalt take him from mine altar, that he may die.
cobri-las-ás	1	overlay	0.17	Êxodo 25:28 — And thou shalt make the staves of shittim wood, and overlay them with gold, that the table may be borne with them.
candeeiro	1	lamp	0.14	Êxodo 27:20 — And thou shalt command the children of Israel, that they bring thee pure oil olive beaten for the light, to cause the lamp to burn always.
deram-mo	1	calf	0.06	Êxodo 32:24 — And I said unto them, Whosoever hath any gold, let them break it off. So they gave it me: then I cast it into the fire, and there came out this calf.
enumeração	1	ithamar	0.10	Êxodo 38:21 — This is the sum of the tabernacle, even of the tabernacle of testimony, as it was counted, according to the commandment of Moses, for the service of t
feri-la-ás	1	knife	0.29	Ezequiel 5:2 — Thou shalt burn with fire a third part in the midst of the city, when the days of the siege are fulfilled: and thou shalt take a third part, and smite
imundícia	1	satisfy	0.15	Ezequiel 7:19 — They shall cast their silver in the streets, and their gold shall be removed: their silver and their gold shall not be able to deliver them in the day
galgal	1	wheel	0.15	Ezequiel 10:13 — As for the wheels, it was cried unto them in my hearing, O wheel.
multiplicação	1	merchandise	0.09	Ezequiel 28:16 — By the multitude of thy merchandise they have filled the midst of thee with violence, and thou hast sinned: therefore I will cast thee as profane out 
formidáveis	1	swords	0.03	Ezequiel 30:11 — He and his people with him, the terrible of the nations, shall be brought to destroy the land: and they shall draw their swords against Egypt, and fil
regatos	1	plants	0.18	Ezequiel 31:4 — The waters made him great, the deep set him up on high with her rivers running round about his plants, and sent out her little rivers unto all the tre
plantação	1	renown	0.20	Ezequiel 34:29 — And I will raise up for them a plant of renown, and they shall be no more consumed with hunger in the land, neither bear the shame of the heathen any 
constituistes	1	keepers	0.09	Ezequiel 44:8 — And ye have not kept the charge of mine holy things: but ye have set keepers of my charge in my sanctuary for yourselves.
cozinheiros	1	boil	0.12	Ezequiel 46:24 — Then said he unto me, These are the places of them that boil, where the ministers of the house shall boil the sacrifice of the people.
servi-la-ão	1	tribes	0.01	Ezequiel 48:19 — And they that serve the city shall serve it out of all the tribes of Israel.
jesua-joabe	1	pahath-moab	0.29	Esdras 2:6 — The children of Pahath-moab, of the children of Jeshua and Joab, two thousand eight hundred and twelve.
trangressão	1	mingled	0.04	Esdras 9:2 — For they have taken of their daughters for themselves, and for their sons: so that the holy seed have mingled themselves with the people of those land
damasceno	1	childless	0.29	Gênesis 15:2 — And Abram said, Lord GOD, what wilt thou give me, seeing I go childless, and the steward of my house is this Eliezer of Damascus?
servi-los-ão	1	their's	0.11	Gênesis 15:13 — And he said unto Abram, Know of a surety that thy seed shall be a stranger in a land that is not their's, and shall serve them; and they shall afflict
afligi-los-ão	1	their's	0.11	Gênesis 15:13 — And he said unto Abram, Know of a surety that thy seed shall be a stranger in a land that is not their's, and shall serve them; and they shall afflict
fazei-mo	1	kindly	0.15	Gênesis 24:49 — And now if ye will deal kindly and truly with my master, tell me: and if not, tell me; that I may turn to the right hand, or to the left.
levou-lho	1	venison	0.22	Gênesis 27:25 — And he said, Bring it near to me, and I will eat of my son's venison, that my soul may bless thee. And he brought it near to him, and he did eat: and 
trouxe-lha	1	leah	0.07	Gênesis 29:23 — And it came to pass in the evening, that he took Leah his daughter, and brought her to him; and he went in unto her.
ventura	1	leah	0.07	Gênesis 30:13 — And Leah said, Happy am I, for the daughters will call me blessed: and she called his name Asher.
mispá	1	absent	0.14	Gênesis 31:49 — And Mizpah; for he said, The LORD watch between me and thee, when we are absent one from another.
contamos-lhos	1	interpret	0.15	Gênesis 41:12 — And there was there with us a young man, an Hebrew, servant to the captain of the guard; and we told him, and he interpreted to us our dreams; to each
vô-lo	1	required	0.05	Gênesis 42:22 — And Reuben answered them, saying, Spake I not unto you, saying, Do not sin against the child; and ye would not hear? therefore, behold, also his blood
madeiramento	1	beam	0.11	Habacuque 2:11 — For the stone shall cry out of the wall, and the beam out of the timber shall answer it.
prevaricações	1	unrighteousness	0.06	Hebreus 8:12 — For I will be merciful to their unrighteousness, and their sins and their iniquities will I remember no more.
ministrantes	1	worshippers	0.29	Hebreus 10:2 — For then would they not have ceased to be offered? because that the worshippers once purged should have had no more conscience of sins.
transladação	1	translation	0.11	Hebreus 11:5 — By faith Enoch was translated that he should not see death; and was not found, because God had translated him: for before his translation he had this 
sangrento	1	retreat	0.15	Helamã 1:30 — And it came to pass that Moronihah did head them in their retreat, and did give unto them battle, insomuch that it became an exceedingly bloody battle
forjados	1	disguise	0.29	Helamã 2:6 — And it came to pass as he went forth towards the judgment– seat to destroy Helaman, behold  one of the servants of Helaman, having been out by night, 
imediações	1	convincing	0.17	Helamã 5:19 — Therefore they did speak unto the great astonishment of the Lamanites, to the convincing them, insomuch that there were eight thousand of the Lamanite
tenebrosas	1	gadianton	0.07	Helamã 6:29 — Yea, it is that same being who put it into the heart of Gadianton to still carry on the work of darkness, and of secret murder; and he has brought it 
soterrada	1	raised	0.02	Helamã 12:17 — Behold, if he say unto this mountain—Be thou raised up, and come over and fall upon that city, that it be buried up—behold it is done.
infindável	1	consigned	0.20	Helamã 12:26 — Yea, who shall be consigned to a state of endless misery, fulfilling the words which say: They that have done good shall have everlasting life; and th
vesti-lo-eis	1	costly	0.13	Helamã 13:28 — Yea, ye will lift him up, and ye will give unto him of your substance; ye will give unto him of your gold, and of your silver, and ye will clothe him 
operantes	1	condition	0.29	Helamã 14:18 — Yea, and it bringeth to pass the condition of repentance, that whosoever repenteth the same is not hewn down and cast into the fire; but  whosoever re
inquebrantáveis	1	steadfast	0.20	Helamã 15:8 — Therefore, as many as have come to this, ye know of yourselves are firm and steadfast in the faith, and in the thing wherewith they have been made fre
terafim	1	teraphim	0.29	Oseias 3:4 — For the children of Israel shall abide many days without a king, and without a prince, and without a sacrifice, and without an image, and without an e
ilegítimos	1	portions	0.11	Oseias 5:7 — They have dealt treacherously against the LORD: for they have begotten strange children: now shall a month devour them with their portions.
persegui-lo-á	1	pursue	0.04	Oseias 8:3 — Israel hath cast off the thing that is good: the enemy shall pursue him.
sabio	1	transgressors	0.08	Oseias 14:9 — Who is wise, and he shall understand these things? prudent, and he shall know them? for the ways of the LORD are right, and the just shall walk in the
subversão	1	overthrown	0.12	Isaías 1:7 — Your country is desolate, your cities are burned with fire: your land, strangers devour it in your presence, and it is desolate, as overthrown by stra
atreverá	1	behave	0.25	Isaías 3:5 — And the people shall be oppressed, every one by another, and every one by his neighbour: the child shall behave himself proudly against the ancient, a
tropeçante	1	latchet	0.29	Isaías 5:27 — None shall be weary nor stumble among them; none shall slumber nor sleep; neither shall the girdle of their loins be loosed, nor the latchet of their 
reservatório	1	fashioned	0.25	Isaías 22:11 — Ye made also a ditch between the two walls for the water of the old pool: but ye have not looked unto the maker thereof, neither had respect unto him 
vesti-lo-ei	1	clothe	0.07	Isaías 22:21 — And I will clothe him with thy robe, and strengthen him with thy girdle, and I will commit thy government into his hand: and he shall be a father to t
cingi-lo-ei	1	clothe	0.07	Isaías 22:21 — And I will clothe him with thy robe, and strengthen him with thy girdle, and I will commit thy government into his hand: and he shall be a father to t
trespassam	1	transgressed	0.05	Isaías 24:5 — The earth also is defiled under the inhabitants thereof; because they have transgressed the laws, changed the ordinance, broken the everlasting covena
impiedosas	1	glorify	0.06	Isaías 25:3 — Therefore shall the strong people glorify thee, the city of the terrible nations shall fear thee.
siríaco	1	shebna	0.20	Isaías 36:11 — Then said Eliakim and Shebna and Joah unto Rabshakeh, Speak, I pray thee, unto thy servants in the Syrian language; for we understand it: and speak no
capim	1	blasted	0.29	Isaías 37:27 — Therefore their inhabitants were of small power, they were dismayed and confounded: they were as the grass of the field, and as the green herb, as the
vô-las	1	spring	0.06	Isaías 42:9 — Behold, the former things are come to pass, and new things do I declare: before they spring forth I tell you of them.
atiguidade	1	knewest	0.15	Isaías 48:8 — Yea, thou heardest not; yea, thou knewest not; yea, from that time that thine ear was not opened: for I knew that thou wouldest deal very treacherousl
pôr-lhes-ei	1	blackness	0.17	Isaías 50:3 — I clothe the heavens with blackness, and I make sackcloth their covering.
pisaduras	1	chastisement	0.20	Isaías 53:5 — But he was wounded for our transgressions, he was bruised for our iniquities: the chastisement of our peace was upon him; and with his stripes we are 
gulosos	1	greedy	0.29	Isaías 56:11 — Yea, they are greedy dogs which can never have enough, and they are shepherds that cannot understand: they all look to their own way, every one for hi
radiante	1	enlarged	0.11	Isaías 60:5 — Then thou shalt see, and flow together, and thine heart shall fear, and be enlarged; because the abundance of the sea shall be converted unto thee, th
enxertemo-los	1	nethermost	0.29	Jacó 5:52 — Wherefore, let us take of the branches of these which I have planted in the nethermost parts of my vineyard, and let us graft them into the tree from 
sórdida	1	ring	0.18	Tiago 2:2 — For if there come unto your assembly a man with a gold ring, in goodly apparel, and there come in also a poor man in vile raiment;
carpideiras	1	cunning	0.04	Jeremias 9:17 — Thus saith the LORD of hosts, Consider ye, and call for the mourning women, that they may come; and send for cunning women, that they may come:
viandante	1	wayfaring	0.29	Jeremias 14:8 — O the hope of Israel, the saviour thereof in time of trouble, why shouldest thou be as a stranger in the land, and as a wayfaring man that turneth asi
padejá-los-ei	1	bereave	0.29	Jeremias 15:7 — And I will fan them with a fan in the gates of the land; I will bereave them of children, I will destroy my people, since they return not from their w
ludíbrio	1	derision	0.12	Jeremias 20:8 — For since I spake, I cried out, I cried violence and spoil; because the word of the LORD was made a reproach unto me, and a derision, daily.
desabitadas	1	inhabited	0.05	Jeremias 22:6 — For thus saith the LORD unto the king's house of Judah; Thou art Gilead unto me, and the head of Lebanon: yet surely I will make thee a wilderness, an
servi-lo-ão	1	nebuchadnezzar	0.03	Jeremias 28:14 — For thus saith the LORD of hosts, the God of Israel; I have put a yoke of iron upon the neck of all these nations, that they may serve Nebuchadnezzar 
persegui-los-ei	1	hissing	0.22	Jeremias 29:18 — And I will persecute them with the sword, with the famine, and with the pestilence, and will deliver them to be removed to all the kingdoms of the ear
despedi-lo-ás	1	inclined	0.13	Jeremias 34:14 — At the end of seven years let ye go every man his brother an Hebrew, which hath been sold unto thee; and when he hath served thee six years, thou shal
tebas	1	punish	0.05	Jeremias 46:25 — The LORD of hosts, the God of Israel, saith; Behold, I will punish the multitude of No, and Pharaoh, and Egypt, with their gods, and their kings; even
retalharás	1	ashkelon	0.22	Jeremias 47:5 — Baldness is come upon Gaza; Ashkelon is cut off with the remnant of their valley: how long wilt thou cut thyself?
camareiro-mor	1	neriah	0.18	Jeremias 51:59 — The word which Jeremiah the prophet commanded Seraiah the son of Neriah, the son of Maaseiah, when he went with Zedekiah the king of Judah into Babylo
afundada	1	sink	0.22	Jeremias 51:64 — And thou shalt say, Thus shall Babylon sink, and shall not rise from the evil that I will bring upon her: and they shall be weary. Thus far are the wo
gretada	1	clods	0.29	Jó 7:5 — My flesh is clothed with worms and clods of dust; my skin is broken, and become loathsome.
pedregal	1	wrapped	0.13	Jó 8:17 — His roots are wrapped about the heap, and seeth the place of stones.
deprezo	1	despise	0.04	Jó 9:21 — Though I were perfect, yet would I not know my soul: I would despise my life.
veleiros	1	hasteth	0.20	Jó 9:26 — They are passed away as the swift ships: as the eagle that hasteth to the prey.
mostrar-to-ei	1	declare	0.01	Jó 15:17 — I will shew thee, hear me; and that which I have seen I will declare;
orfãozinho	1	breast	0.10	Jó 24:9 — They pluck the fatherless from the breast, and take a pledge of the poor.
ínterim	1	mean	0.05	João 4:31 — In the mean while his disciples prayed him, saying, Master, eat.
nascença	1	birth	0.09	João 9:1 — And as Jesus passed by, he saw a man which was blind from his birth.
disseram-to	1	sayest	0.04	João 18:34 — Jesus answered him, Sayest thou this thing of thyself, or did others tell it thee of me?
entregou-lho	1	crucified	0.04	João 19:16 — Then delivered he him therefore unto them to be crucified. And they took Jesus, and led him away.
geser	1	eglon	0.15	Josué 12:12 — The king of Eglon, one; the king of Gezer, one;
ede	1	reuben	0.03	Josué 22:34 — And the children of Reuben and the children of Gad called the altar Ed: for it shall be a witness between us that the LORD is God.
indescritivelmente	1	description	0.25	Joseph Smith—História 1:32 — Not only was his robe exceedingly white, but his whole person was glorious beyond description, and his countenance truly like lightning . The room was
espoliadores	1	spoilers	0.25	Juízes 2:14 — And the anger of the LORD was hot against Israel, and he delivered them into the hands of spoilers that spoiled them, and he sold them into the hands 
restitui-ma	1	jabbok	0.25	Juízes 11:13 — And the king of the children of Ammon answered unto the messengers of Jephthah, Because Israel took away my land, when they came up out of Egypt, from
tomai-ma	1	timnath	0.29	Juízes 14:2 — And he came up, and told his father and his mother, and said, I have seen a woman in Timnath of the daughters of the Philistines: now therefore get he
ascalonitas	1	ashkelon	0.22	Juízes 14:19 — And the Spirit of the LORD came upon him, and he went down to Ashkelon, and slew thirty men of them, and took their spoil, and gave change of garments
umbreiras	1	midnight	0.14	Juízes 16:3 — And Samson lay till midnight, and arose at midnight, and took the doors of the gate of the city, and the two posts, and went away with them, bar and a
ranchos	1	dances	0.29	Juízes 21:21 — And see, and, behold, if the daughters of Shiloh come out to dance in dances, then come ye out of the vineyards, and catch you every man his wife of t
esvaem	1	pine	0.22	Lamentações 4:9 — They that be slain with the sword are better than they that be slain with hunger: for these pine away, stricken through for want of the fruits of the 
brotante	1	spreading	0.22	Levítico 13:57 — And if it appear still in the garment, either in the warp, or in the woof, or in any thing of skin; it is a spreading plague: thou shalt burn that whe
bagos	1	glean	0.20	Levítico 19:10 — And thou shalt not glean thy vineyard, neither shalt thou gather every grape of thy vineyard; thou shalt leave them for the poor and stranger: I am th
repreeender	1	rebuke	0.04	Levítico 19:17 — Thou shalt not hate thy brother in thine heart: thou shalt in any wise rebuke thy neighbour, and not suffer sin upon him.
restituí-lo-á	1	killeth	0.08	Levítico 24:21 — And he that killeth a beast, he shall restore it: and he that killeth a man, he shall be put to death.
restituir-lha	1	jubile	0.10	Levítico 25:28 — But if he be not able to restore it to him, then that which is sold shall remain in the hand of him that hath bought it until the year of jubile: and 
timões	1	bondmen	0.12	Levítico 26:13 — I am the LORD your God, which brought you forth out of the land of Egypt, that ye should not be their bondmen; and I have broken the bands of your yok
agraciada	1	favoured	0.14	Lucas 1:28 — And the angel came in unto her, and said, Hail, thou that art highly favoured, the Lord is with thee: blessed art thou among women.
pôr-lhe-ás	1	conceive	0.12	Lucas 1:31 — And, behold, thou shalt conceive in thy womb, and bring forth a son, and shalt call his name JESUS.
ausentasse	1	stayed	0.06	Lucas 4:42 — And when it was day, he departed and went into a desert place: and the people sought him, and came unto him, and stayed him, that he should not depart
enxugava-lhos	1	wipe	0.22	Lucas 7:38 — And stood at his feet behind him weeping, and began to wash his feet with tears, and did wipe them with the hairs of her head, and kissed his feet, an
ungia-lhos	1	wipe	0.22	Lucas 7:38 — And stood at his feet behind him weeping, and began to wash his feet with tears, and did wipe them with the hairs of her head, and kissed his feet, an
possesso	1	ware	0.29	Lucas 8:27 — And when he went forth to land, there met him out of the city a certain man, which had devils long time, and ware no clothes, neither abode in any hou
concedeu-lho	1	feeding	0.14	Lucas 8:32 — And there was there an herd of many swine feeding on the mountain: and they besought him that he would suffer them to enter into them. And he suffered
abrir-se-lhe-á	1	knocketh	0.25	Lucas 11:10 — For every one that asketh receiveth; and he that seeketh findeth; and to him that knocketh it shall be opened.
detento	1	necessity	0.11	Lucas 23:17 — (For of necessity he must release one unto them at the feast.)
tardos	1	slow	0.07	Lucas 24:25 — Then he said unto them, O fools, and slow of heart to believe all that the prophets have spoken:
concílio	1	council	0.02	Marcos 14:55 — And the chief priests and all the council sought for witness against Jesus to put him to death; and found none.
participai-mo	1	bethlehem	0.22	Mateus 2:8 — And he sent them to Bethlehem, and said, Go and search diligently for the young child; and when ye have found him, bring me word again, that I may com
endemoniada	1	grievously	0.22	Mateus 15:22 — And, behold, a woman of Canaan came out of the same coasts, and cried unto him, saying, Have mercy on me, O Lord, thou Son of David; my daughter is gr
cobri-la-á	1	mire	0.12	Miqueias 7:10 — Then she that is mine enemy shall see it, and shame shall cover her which said unto me, Where is the LORD thy God? mine eyes shall behold her: now sha
reedificados	1	decree	0.03	Miqueias 7:11 — In the day that thy walls are to be built, in that day shall the decree be far removed.
derrotamo-los	1	pursue	0.04	Mórmon 2:26 — And it came to pass that when they had fled we did pursue them with our armies, and did meet them again, and did beat them; nevertheless the strength 
ciente	1	preparing	0.07	Mórmon 3:4 — And it came to pass that after this tenth year had passed away, making, in the whole, three hundred and sixty years from the coming of Christ, the kin
apoderassem	1	fortify	0.09	Mórmon 3:6 — And there we did place our armies, that we might stop the armies of the Lamanites, that they might not get possession of any of our lands; therefore w
apoderarem	1	teancum	0.06	Mórmon 4:7 — And it came to pass in the three hundred and sixty and fourth year the Lamanites did come against the city Teancum, that they might take possession of
conferi-lo-eis	1	apostles	0.02	Morôni 2:2 — And he called them by name, saying: Ye shall call on the Father in my name, in mighty prayer; and after ye have done this ye shall have power that to 
rastejantes	1	creeping	0.06	Moisés 2:24 — And I, God, said: Let the earth bring forth the living creature after his kind, cattle, and creeping things, and beasts of the earth after their kind,
rastejante	1	creepeth	0.10	Moisés 2:26 — And I, God, said unto mine Only Begotten , which was with me from the beginning : Let us make man in our image , after our likeness; and it was so. An
impoluta	1	undefiled	0.20	Moisés 6:6 — And by them their children were taught to read and write, having a language which was pure and undefiled.
descontentamento	1	displeasure	0.20	Moisés 7:34 — And the fire of mine indignation is kindled against them; and in my hot displeasure will I send in the floods upon them, for my fierce anger is kindle
trespassá-las	1	creations	0.29	Moisés 7:36 — Wherefore, I can stretch forth mine hands and hold all the creations which I have made; and mine eye can pierce them also, and among all the workmansh
progênie	1	spiritually	0.12	Mosias 5:7 — And now, because of the covenant which ye have made ye shall be called the children of Christ, his sons, and his daughters; for behold, this day he ha
desamarrados	1	questions	0.11	Mosias 7:8 — And it came to pass when they had been in prison two days they were again brought before the king, and their bands were loosed; and they stood before 
amistosos	1	friendly	0.20	Mosias 24:5 — And they were a people friendly one with another; nevertheless they knew not God; neither did the brethren of Amulon teach them anything concerning th
povoações	1	quarters	0.09	Mosias 27:6 — And there began to be much peace again in the land; and the people began to be very numerous, and began to scatter abroad upon the face of the earth, 
restituir-lho-emos	1	require	0.05	Neemias 5:12 — Then said they, We will restore them, and will require nothing of them; so will we do as thou sayest. Then I called the priests, and took an oath of t
oliveiras-bravas	1	myrtle	0.29	Neemias 8:15 — And that they should publish and proclaim in all their cities, and in Jerusalem, saying, Go forth unto the mount, and fetch olive branches, and pine b
repartimentos	1	divisions	0.10	Neemias 11:36 — And of the Levites were divisions in Judah, and in Benjamin.
serabias	1	sherebiah	0.22	Neemias 12:24 — And the chief of the Levites: Hashabiah, Sherebiah, and Jeshua the son of Kadmiel, with their brethren over against them, to praise and to give thanks
asdodita	1	jews'	0.13	Neemias 13:24 — And their children spake half in the speech of Ashdod, and could not speak in the Jews' language, but according to the language of each people.
maeli	1	mushi	0.22	Números 3:20 — And the sons of Merari by their families; Mahli, and Mushi. These are the families of the Levites according to the house of their fathers.
superintendência	1	oversight	0.17	Números 3:32 — And Eleazar the son of Aaron the priest shall be chief over the chief of the Levites, and have the oversight of them that keep the charge of the sanct
pôr-lhe-ão	1	badgers'	0.13	Números 4:6 — And shall put thereon the covering of badgers' skins, and shall spread over it a cloth wholly of blue, and shall put in the staves thereof.
amaldiçoantes	1	lain	0.29	Números 5:19 — And the priest shall charge her by an oath, and say unto the woman, If no man have lain with thee, and if thou hast not gone aside to uncleanness with
proíbe-lho	1	nun	0.07	Números 11:28 — And Joshua the son of Nun, the servant of Moses, one of his young men, answered and said, My lord Moses, forbid them.
contar-se-vos-á	1	winepress	0.13	Números 18:27 — And this your heave offering shall be reckoned unto you, as though it were the corn of the threshingfloor, and as the fulness of the winepress.
zin	1	zin	0.20	Números 20:1 — Then came the children of Israel, even the whole congregation, into the desert of Zin in the first month: and the people abode in Kadesh; and Miriam d
vaebe	1	brooks	0.13	Números 21:14 — Wherefore it is said in the book of the wars of the LORD, What he did in the Red sea, and in the brooks of Arnon,
sufá	1	brooks	0.13	Números 21:14 — Wherefore it is said in the book of the wars of the LORD, What he did in the Red sea, and in the brooks of Arnon,
amaldiçoa-mo	1	utmost	0.14	Números 23:13 — And Balak said unto him, Come, I pray thee, with me unto another place, from whence thou mayest see them: thou shalt see but the utmost part of them, 
esquadrinhadas	1	searched	0.07	Obadias 1:6 — How are the things of Esau searched out! how are his hidden things sought up!
engulirão	1	swallow	0.08	Obadias 1:16 — For as ye have drunk upon my holy mountain, so shall all the heathen drink continually, yea, they shall drink, and they shall swallow down, and they s
desavença	1	stiffnecked	0.06	Ômni 1:28 — Wherefore, they went up into the wilderness. And their leader being a strong and mighty man, and a stiffnecked man, wherefore he caused a contention a
usurpação	1	robbery	0.20	Filipenses 2:6 — Who, being in the form of God, thought it not robbery to be equal with God:
cidadania	1	conversation	0.09	Filipenses 3:20 — For our conversation is in heaven; from whence also we look for the Saviour, the Lord Jesus Christ:
saquitel	1	bag	0.17	Provérbios 7:20 — He hath taken a bag of money with him, and will come home at the day appointed.
trespassassem	1	foundations	0.05	Provérbios 8:29 — When he gave to the sea his decree, that the waters should not pass his commandment: when he appointed the foundations of the earth:
displicente	1	slack	0.22	Provérbios 10:4 — He becometh poor that dealeth with a slack hand: but the hand of the diligent maketh rich.
apodrecimento	1	virtuous	0.29	Provérbios 12:4 — A virtuous woman is a crown to her husband: but she that maketh ashamed is as rottenness in his bones.
frouxo	1	adversity	0.17	Provérbios 24:10 — If thou faint in the day of adversity, thy strength is small.
frouxas	1	legs	0.09	Provérbios 26:7 — The legs of the lame are not equal: so is a parable in the mouth of fools.
vazão	1	uttereth	0.20	Provérbios 29:11 — A fool uttereth all his mind: but a wise man keepeth it in till afterwards.
costumeira	1	convenient	0.18	Provérbios 30:8 — Remove far from me vanity and lies: give me neither poverty nor riches; feed me with food convenient for me:
imprecações	1	fraud	0.25	Salmos 10:7 — His mouth is full of cursing and deceit and fraud: under his tongue is mischief and vanity.
pôr-me-á	1	pavilion	0.29	Salmos 27:5 — For in the time of trouble he shall hide me in his pavilion: in the secret of his tabernacle shall he hide me; he shall set me up upon a rock.
desaforos	1	pavilion	0.29	Salmos 31:20 — Thou shalt hide them in the secret of thy presence from the pride of man: thou shalt keep them secretly in a pavilion from the strife of tongues.
encobri-los-ás	1	pavilion	0.29	Salmos 31:20 — Thou shalt hide them in the secret of thy presence from the pride of man: thou shalt keep them secretly in a pavilion from the strife of tongues.
fraudulenta	1	devouring	0.20	Salmos 52:4 — Thou lovest all devouring words, O thou deceitful tongue.
molares	1	lions	0.05	Salmos 58:6 — Break their teeth, O God, in their mouth: break out the great teeth of the young lions, O LORD.
gordurosos	1	fatlings	0.22	Salmos 66:15 — I will offer unto thee burnt sacrifices of fatlings, with the incense of rams; I will offer bullocks with goats. Selah.
dávidas	1	ascended	0.06	Salmos 68:18 — Thou hast ascended on high, thou hast led captivity captive: thou hast received gifts for men; yea, for the rebellious also, that the LORD God might d
nô-los	1	told	0.01	Salmos 78:3 — Which we have heard and known, and our fathers have told us.
retalhado	1	terrors	0.13	Salmos 88:16 — Thy fierce wrath goeth over me; thy terrors have cut me off.
cornetas	1	cornet	0.25	Salmos 98:6 — With trumpets and sound of cornet make a joyful noise before the LORD, the King.
figueirais	1	vines	0.15	Salmos 105:33 — He smote their vines also and their fig trees; and brake the trees of their coasts.
inescrutável	1	unsearchable	0.29	Salmos 145:3 — Great is the LORD, and greatly to be praised; and his greatness is unsearchable.
altissonantes	1	sounding	0.18	Salmos 150:5 — Praise him upon the loud cymbals: praise him upon the high sounding cymbals.
atreve	1	bold	0.14	Romanos 10:20 — But Esaias is very bold, and saith, I was found of them that sought me not; I was made manifest unto them that asked not after me.
inescrutáveis	1	unsearchable	0.29	Romanos 11:33 — O the depth of the riches both of the wisdom and knowledge of God! how unsearchable are his judgments, and his ways past finding out!
fulano	1	kinsman	0.14	Rute 4:1 — Then went Boaz up to the gate, and sat him down there: and, behold, the kinsman of whom Boaz spake came by; unto whom he said, Ho, such a one! turn as
figuinhos	1	grape	0.20	Cantares de Salomão 2:13 — The fig tree putteth forth her green figs, and the vines with the tender grape give a good smell. Arise, my love, my fair one, and come away.
faze-ma	1	gardens	0.14	Cantares de Salomão 8:13 — Thou that dwellest in the gardens, the companions hearken to thy voice: cause me to hear it.
tenção	1	dealt	0.03	Zacarias 1:6 — But my words and my statutes, which I commanded my servants the prophets, did they not take hold of your fathers? and they returned and said, Like as 
portentosos	1	fellows	0.13	Zacarias 3:8 — Hear now, O Joshua the high priest, thou, and thy fellows that sit before thee: for they are men wondered at: for, behold, I will bring forth my serva